timestamp	commit	skill	old_score	new_score	status	dimension	note	eval_mode
2026-04-21T15:35	baseline	3C电器-小家电详情页文案	-	90	baseline	第三版评测	第三版混合评测报告基线分数	mixed_eval
2026-04-21T16:20	opt-3c-v2	3C电器-小家电详情页文案	90	93	keep	结构+实测表现	细化分支问题池，补强首轮模板、参数转译与长期成本写法	dry_run
2026-04-21T16:45	opt-3c-v3	3C电器-小家电详情页文案	93	94	keep	实测表现	增加人群切换写法与清洁/环境/厨房场景模板，强化母婴宠物租房表达	dry_run
2026-04-21T17:10	opt-3c-v4	3C电器-小家电详情页文案	94	95	keep	结构+实测表现	将厨房小电拆成咖啡饮品/空气炸烹饪/辅食热奶养生三线，并补充专属参数转译	dry_run
2026-04-21T17:35	opt-3c-v5	3C电器-小家电详情页文案	95	96	keep	实测表现	补充厨房小电首屏写法模板与办公/新手爸妈/减脂人群规则，强化真实商品页表达	dry_run
2026-04-21T18:05	opt-3c-v6	3C电器-小家电详情页文案	96	96	keep	边界修正	将人群规则降级为场景辅助规则，保持大众商品表达优先	dry_run
2026-04-21T18:35	opt-3c-v7	3C电器-小家电详情页文案	96	97	keep	结构+实测表现	补强竞品锁定流程、量化对比规则与首屏标题副标题结构，强化成熟商品页表达	dry_run
2026-04-21T19:05	review-v1	3C电器-小家电详情页文案	97	96	keep	复评	复核后确认方向未跑偏，但复杂度上升，实测表现略回落至更保守分数	dry_run
2026-04-21T19:25	opt-3c-v8	3C电器-小家电详情页文案	96	97	keep	减法优化	合并首轮策略与竞品模板，保留专业内核同时降低外显复杂度	dry_run
